10.68.0.2,2
10.69.0.2,2
10.68.0.7,7
10.69.0.7,7
10.68.0.28,28
10.69.0.28,28
10.68.0.42,42
10.69.0.42,42
10.68.0.93,93
10.69.0.93,93
10.68.1.09,109
10.69.1.09,109
10.68.1.35,135
10.69.1.35,135
10.68.1.57,157
10.69.1.57,157
10.68.1.83,183
10.69.1.83,183
10.68.1.94,194
10.69.1.94,194
10.68.2.01,201
10.69.2.01,201
10.68.2.18,218
10.69.2.18,218
10.68.2.27,227
10.68.2.29,229
10.69.2.29,229
10.68.2.32,232
10.69.2.32,232
10.68.3.05,305
10.69.3.05,305
10.68.3.15,315
10.69.3.15,315
10.68.3.23,323
10.69.3.23,323
10.68.3.30,330
10.69.3.30,330
10.68.3.55,355
10.69.3.55,355
10.68.4.68,468
10.69.4.68,468
10.68.4.97,497
10.69.4.97,497
10.68.5.19,519
10.69.5.19,519
10.68.5.29,529
10.69.5.29,529
10.68.5.34,534
10.69.5.34,534
10.68.5.56,556
10.69.5.56,556
10.68.5.65,565
10.69.5.65,565
10.68.4.67,467
10.69.4.67,467
10.68.6.09,609
10.69.6.09,609
10.68.6.23,623
10.69.6.23,623
10.68.6.24,624
10.69.6.24,624
10.68.6.67,667
10.69.6.67,667
10.68.6.69,669
10.69.6.69,669
10.68.6.90,690
10.69.6.90,690
10.68.6.99,699
10.69.6.99,699
10.68.7.13,713
10.68.7.29,729
10.69.7.29,729
10.68.7.40,740
10.69.7.40,740
10.68.7.60,760
10.69.7.60,760
10.68.7.74,774
10.69.7.74,774
10.68.7.89,789
10.69.7.89,789
10.68.7.94,794
10.69.7.94,794
10.68.8.44,844
10.69.8.44,844
10.68.8.73,873
10.69.8.73,873
10.68.9.94,994
10.69.9.94,994
10.68.10.08,1008
10.69.10.08,1008
10.68.10.49,1049
10.69.10.49,1049
10.68.10.85,1085
10.69.10.85,1085
10.68.11.26,1126
10.69.11.26,1126
10.68.11.50,1150
10.69.11.50,1150
10.68.11.58,1158
10.69.11.58,1158
10.68.11.89,1189
10.69.11.89,1189
10.68.12.37,1237
10.69.12.37,1237
10.68.12.58,1258
10.69.12.58,1258
10.68.12.67,1267
10.69.12.67,1267
10.68.12.75,1275
10.69.12.75,1275
10.68.13.27,1327
10.69.13.27,1327
10.68.13.40,1340
10.68.13.50,1350
10.68.13.84,1384
10.69.13.84,1384
10.68.13.86,1386
10.69.13.86,1386
10.68.13.97,1397
10.69.13.97,1397
10.68.14.71,1471
10.69.14.71,1471
10.68.14.74,1474
10.69.14.74,1474
10.68.14.90,1490
10.69.14.90,1490
10.68.14.91,1491
10.69.14.91,1491
10.68.14.96,1496
10.69.14.96,1496
10.68.14.97,1497
10.69.14.97,1497
10.68.15.24,1524
10.69.15.24,1524
10.68.15.80,1580
10.69.15.80,1580
10.68.15.81,1581
10.69.15.81,1581
10.68.15.99,1599
10.69.15.99,1599
10.69.16.06,1606
10.68.16.16,1616
10.69.16.16,1616
10.68.16.25,1625
10.69.16.25,1625
10.68.16.27,1627
10.69.16.27,1627
10.68.16.59,1659
10.69.16.59,1659
10.68.16.60,1660
10.69.16.60,1660
10.68.16.73,1673
10.69.16.73,1673
10.68.16.77,1677
10.69.16.77,1677
10.68.17.10,1710
10.69.17.10,1710
10.68.17.79,1779
10.69.17.79,1779
10.68.18.25,1825
10.69.18.25,1825
10.68.18.35,1835
10.69.18.35,1835
10.68.18.66,1866
10.69.18.66,1866
10.68.18.96,1896
10.69.18.96,1896
10.68.19.07,1907
10.69.19.07,1907
10.68.19.16,1916
10.69.19.16,1916
10.68.19.29,1929
10.69.19.29,1929
10.68.19.32,1932
10.68.19.33,1933
10.68.19.34,1934
10.68.19.58,1958
10.69.19.58,1958
10.68.19.63,1963
10.69.19.63,1963
10.68.19.83,1983
10.69.19.83,1983
10.68.20.26,2026
10.69.20.26,2026
10.68.20.39,2039
10.69.20.39,2039
10.68.20.47,2047
10.69.20.47,2047
10.68.20.58,2058
10.69.20.58,2058
10.68.20.68,2068
10.69.20.68,2068
10.68.20.71,2071
10.69.20.71,2071
10.68.20.74,2074
10.69.20.74,2074
10.68.21.11,2111
10.69.21.11,2111
10.68.21.26,2126
10.69.21.26,2126
10.68.21.36,2136
10.69.21.36,2136
10.68.21.44,2144
10.69.21.44,2144
10.68.21.48,2148
10.69.21.48,2148
10.68.22.23,2223
10.69.22.23,2223
10.68.22.68,2268
10.69.22.68,2268
10.68.22.79,2279
10.69.22.79,2279
10.68.22.82,2282
10.69.22.82,2282
10.68.22.87,2287
10.69.22.87,2287
10.68.23.37,2337
10.69.23.37,2337
10.68.23.44,2344
10.69.23.44,2344
10.68.23.76,2376
10.69.23.76,2376
10.68.24.15,2415
10.69.24.15,2415
10.68.24.68,2468
10.69.24.68,2468
10.68.25.39,2539
10.69.25.39,2539
10.68.25.73,2573
10.69.25.73,2573
10.68.25.90,2590
10.69.25.90,2590
10.68.25.96,2596
10.69.25.96,2596
10.68.26.03,2603
10.69.26.03,2603
10.68.26.23,2623
10.69.26.23,2623
10.68.26.41,2641
10.69.26.41,2641
10.68.26.44,2644
10.69.26.44,2644
10.68.26.46,2646
10.69.26.46,2646
10.68.26.63,2663
10.69.26.63,2663
10.68.26.64,2664
10.69.26.64,2664
10.68.26.99,2699
10.69.26.99,2699
10.68.27.23,2723
10.69.27.23,2723
10.68.27.43,2743
10.69.27.43,2743
10.68.27.49,2749
10.69.27.49,2749
10.68.27.86,2786
10.69.27.86,2786
10.68.27.95,2795
10.69.27.95,2795
10.68.28.22,2822
10.69.28.22,2822
10.68.28.27,2827
10.69.28.27,2827
10.68.28.42,2842
10.69.28.42,2842
10.68.28.57,2857
10.69.28.57,2857
10.68.28.62,2862
10.69.28.62,2862
10.68.28.82,2882
10.69.28.82,2882
10.68.29.07,2907
10.69.29.07,2907
10.68.29.12,2912
10.69.29.12,2912
10.68.29.15,2915
10.69.29.15,2915
10.68.29.19,2919
10.69.29.19,2919
10.68.29.44,2944
10.69.29.44,2944
10.68.29.61,2961
10.69.29.61,2961
10.68.30.22,3022
10.69.30.22,3022
10.68.30.35,3035
10.69.30.35,3035
10.68.30.72,3072
10.69.30.72,3072
10.68.30.77,3077
10.69.30.77,3077
10.68.30.81,3081
10.69.30.81,3081
10.68.31.02,3102
10.69.31.02,3102
10.68.19.22,1922
10.69.19.22,1922
10.68.31.08,3108
10.69.31.08,3108
10.68.31.10,3110
10.69.31.10,3110
10.68.31.27,3127
10.69.31.27,3127
10.68.31.69,3169
10.69.31.69,3169
10.68.32.07,3207
10.69.32.07,3207
10.68.0.x-8536,x-8536
10.69.0.x-8536,x-8536
10.68.32.18,3218
10.69.32.18,3218
10.68.32.19,3219
10.69.32.19,3219
10.68.32.29,3229
10.69.32.29,3229
10.68.32.12,3212
10.69.32.12,3212
10.68.20.06,2006
10.69.20.06,2006
10.68.33.62,3362
10.69.33.62,3362
10.68.33.77,3377
10.69.33.77,3377
10.68.34.10,3410
10.69.34.10,3410
10.68.34.11,3411
10.69.34.11,3411
10.68.34.24,3424
10.69.34.24,3424
10.68.34.29,3429
10.69.34.29,3429
10.68.34.30,3430
10.69.34.30,3430
10.68.32.77,3277
10.69.32.77,3277
10.68.34.61,3461
10.68.34.80,3480
10.69.34.80,3480
10.68.35.13,3513
10.69.35.13,3513
10.68.35.37,3537
10.69.35.37,3537
10.68.35.72,3572
10.69.35.72,3572
10.68.36.23,3623
10.69.36.23,3623
10.68.36.26,3626
10.69.36.26,3626
10.68.36.41,3641
10.69.36.41,3641
10.68.36.46,3646
10.69.36.46,3646
10.68.36.62,3662
10.69.36.62,3662
10.68.36.75,3675
10.69.36.75,3675
10.68.37.16,3716
10.69.37.16,3716
10.68.37.29,3729
10.69.37.29,3729
10.69.13.50,1350
10.68.37.44,3744
10.69.37.44,3744
10.68.37.78,3778
10.69.37.78,3778
10.68.37.82,3782
10.69.37.82,3782
10.68.37.90,3790
10.69.37.90,3790
10.68.37.92,3792
10.69.37.92,3792
10.68.38.63,3863
10.69.38.63,3863
10.68.39.39,3939
10.69.39.39,3939
10.68.39.71,3971
10.69.39.71,3971
10.68.40.26,4026
10.68.40.43,4043
10.69.40.43,4043
10.68.41.26,4126
10.69.41.26,4126
10.68.0.X-8054,X-8054
10.69.0.X-8054,X-8054
10.68.41.87,4187
10.69.41.87,4187
10.68.42.39,4239
10.69.42.39,4239
10.68.42.55,4255
10.69.42.55,4255
10.68.42.66,4266
10.69.42.66,4266
10.68.42.76,4276
10.69.42.76,4276
10.68.43.34,4334
10.69.43.34,4334
10.68.43.37,4337
10.69.43.37,4337
10.68.44.31,4431
10.69.44.31,4431
10.68.44.41,4441
10.69.44.41,4441
10.68.45.14,4514
10.69.45.14,4514
10.68.45.15,4515
10.69.45.15,4515
10.68.45.34,4534
10.69.45.34,4534
10.68.45.35,4535
10.69.45.35,4535
10.68.45.44,4544
10.69.45.44,4544
10.68.45.58,4558
10.69.45.58,4558
10.68.45.69,4569
10.69.45.69,4569
10.68.46.13,4613
10.69.46.13,4613
10.68.46.73,4673
10.69.46.73,4673
10.68.47.30,4730
10.69.47.30,4730
10.68.47.61,4761
10.69.47.61,4761
10.68.47.68,4768
10.69.47.68,4768
10.68.48.10,4810
10.69.48.10,4810
10.68.48.30,4830
10.69.48.30,4830
10.68.48.48,4848
10.69.48.48,4848
10.68.61.69,6169
10.69.61.69,6169
10.68.49.06,4906
10.69.49.06,4906
10.68.49.22,4922
10.69.49.22,4922
10.68.49.52,4952
10.69.49.52,4952
10.68.49.68,4968
10.69.49.68,4968
10.68.50.33,5033
10.69.50.33,5033
10.68.51.19,5119
10.69.51.19,5119
10.68.51.26,5126
10.69.51.26,5126
10.68.51.71,5171
10.69.51.71,5171
10.68.51.77,5177
10.69.51.77,5177
10.68.52.18,5218
10.69.52.18,5218
10.68.53.05,5305
10.69.53.05,5305
10.68.53.07,5307
10.69.53.07,5307
10.68.53.66,5366
10.69.53.66,5366
10.68.54.50,5450
10.69.54.50,5450
10.68.54.51,5451
10.69.54.51,5451
10.68.55.20,5520
10.69.55.20,5520
10.68.73.47,7347
10.69.73.47,7347
10.68.55.53,5553
10.69.55.53,5553
10.68.55.75,5575
10.69.55.75,5575
10.68.57.90,5790
10.69.57.90,5790
10.68.58.06,5806
10.69.58.06,5806
10.68.58.13,5813
10.69.58.13,5813
10.68.58.54,5854
10.69.58.54,5854
10.68.58.63,5863
10.69.58.63,5863
10.68.59.16,5916
10.68.59.20,5920
10.69.59.20,5920
10.68.59.68,5968
10.69.59.68,5968
10.68.59.75,5975
10.69.59.75,5975
10.68.59.80,5980
10.69.59.80,5980
10.68.60.02,6002
10.69.60.02,6002
10.68.60.04,6004
10.68.60.19,6019
10.69.60.19,6019
10.68.60.51,6051
10.69.60.51,6051
10.68.60.71,6071
10.69.60.71,6071
10.68.60.87,6087
10.69.60.87,6087
10.68.61.82,6182
10.69.61.82,6182
10.68.62.67,6267
10.69.62.67,6267
10.68.62.83,6283
10.69.62.83,6283
10.68.63.54,6354
10.69.63.54,6354
10.68.63.81,6381
10.69.63.81,6381
10.68.64.90,6490
10.69.64.90,6490
10.68.64.91,6491
10.69.64.91,6491
10.69.65.71,6571
10.68.66.10,6610
10.69.66.10,6610
10.68.66.43,6643
10.69.66.43,6643
10.68.66.45,6645
10.69.66.45,6645
10.68.67.15,6715
10.69.67.15,6715
10.68.67.23,6723
10.69.67.23,6723
10.68.67.47,6747
10.69.67.47,6747
10.68.67.87,6787
10.69.67.87,6787
10.69.68.44,6844
10.68.68.91,6891
10.69.68.91,6891
10.68.69.01,6901
10.69.69.01,6901
10.68.69.78,6978
10.69.69.78,6978
10.68.69.89,6989
10.69.69.89,6989
10.68.69.93,6993
10.69.69.93,6993
10.68.70.03,7003
10.69.70.03,7003
10.68.70.16,7016
10.69.70.16,7016
10.68.70.95,7095
10.69.70.95,7095
10.68.71.27,7127
10.69.71.27,7127
10.68.72.59,7259
10.69.72.59,7259
10.68.72.88,7288
10.69.72.88,7288
10.68.73.42,7342
10.69.73.42,7342
10.69.67.91,6791
10.68.74.84,7484
10.69.74.84,7484
10.68.75.30,7530
10.69.75.30,7530
10.68.75.35,7535
10.68.75.47,7547
10.69.75.47,7547
10.68.76.38,7638
10.69.76.38,7638
10.68.76.40,7640
10.69.76.40,7640
10.69.76.74,7674
10.68.78.40,7840
10.69.78.40,7840
10.68.51.35,5135
10.69.51.35,5135
10.68.78.53,7853
10.69.78.53,7853
10.68.78.73,7873
10.69.78.73,7873
10.68.36.27,3627
10.69.36.27,3627
10.68.0.67,67
10.69.0.67,67
10.68.1.73,173
10.69.1.73,173
10.68.1.63,163
10.69.1.63,163
10.68.2.66,266
10.69.2.66,266
10.68.2.07,207
10.69.2.07,207
10.68.1.72,172
10.69.1.72,172
10.68.1.80,180
10.69.1.80,180
10.68.1.84,184
10.69.1.84,184
10.68.2.05,205
10.69.2.05,205
10.68.1.96,196
10.69.1.96,196
10.68.2.04,204
10.69.2.04,204
10.68.19.30,1930
10.69.19.30,1930
10.68.1.98,198
10.69.1.98,198
10.68.2.03,203
10.69.2.03,203
10.68.2.35,235
10.69.2.35,235
10.68.1.82,182
10.69.1.82,182
10.69.2.14,214
10.68.2.30,230
10.69.2.30,230
10.68.2.52,252
10.69.2.52,252
10.68.2.46,246
10.69.2.46,246
10.68.2.68,268
10.69.2.68,268
10.68.2.75,275
10.69.2.75,275
10.68.2.77,277
10.69.2.77,277
10.68.2.79,279
10.69.2.79,279
10.68.2.80,280
10.69.2.80,280
